<?xml version="1.0" encoding="UTF-8" standalone="yes"?>
<addon id="xbmc.repo.xshare" name="[COLOR red][B]Xshare[/COLOR] [COLOR blue]Repository[/B][/COLOR]" version="1.0.0" provider-name="newhalo">
	<extension point="xbmc.addon.repository" name="Official XBMC.org Add-on Repository">
		<info compressed="true">https://raw.githubusercontent.com/newhalo/xbmc.repo.xshare/master/addons.xml</info>
		<checksum>https://raw.githubusercontent.com/newhalo/xbmc.repo.xshare/master/addons.xml.md5</checksum>
		<datadir zip="true">https://raw.githubusercontent.com/newhalo/xbmc.repo.xshare/master</datadir>
		<hashes>true</hashes>
	</extension>
	<extension point="xbmc.addon.metadata">
		<summary>Play Video with find subs on XBMC from many host</summary>
		<description>Download and install addons from Xshare Repository: Watch movies from fshare.vn, 4share.vn, tenlua.vn, ...</description>
		<language>en</language>
		<platform>all</platform>
		<license>GNU General Public License - v2</license>
		<source>https://github.com/newhalo/xbmc.repo.xshare</source>
		<email>thai@thanhthai.net</email>
	</extension>
</addon>
